Store,total,avg_week,share_%,tier,ytd_2011,ytd_2012,growth_%,change_$M,xmas_multiplier
1,222402808.85,1555264.3976,3.3011,1 Large,65024351.29,68202058.02,4.8869,3.1777,1.4975
2,275382440.98,1925751.3355,4.0875,1 Large,78433649.41,81496695.37,3.9053,3.063,1.7293
3,57586735.07,402704.441,0.8548,4 Small,16580098.11,18024439.5,8.7113,1.4443,1.4368
4,299543953.38,2094712.9607,4.4461,1 Large,88214551.63,92771189.24,5.1654,4.5566,1.7194
5,45475688.9,318011.8105,0.675,4 Small,13058039.83,14168838.13,8.5066,1.1108,1.4537
6,223756130.64,1564728.1863,3.3212,1 Large,63825638.83,66315047.0,3.9003,2.4894,1.7167
7,81598275.14,570617.3087,1.2112,3 Lower-mid,24211560.18,25367556.47,4.7746,1.156,1.8444
8,129951181.13,908749.5184,1.9289,3 Lower-mid,38038171.96,39233920.13,3.1435,1.1957,1.6363
9,77789218.99,543980.5524,1.1546,4 Small,22732259.19,23974029.58,5.4626,1.2418,1.6349
10,271617713.89,1899424.5727,4.0316,1 Large,77645482.3,78228616.94,0.751,0.5831,1.9051
11,193962786.8,1356383.1245,2.879,2 Upper-mid,56139705.56,58184065.68,3.6416,2.0444,1.6661
12,144287230.15,1009001.6094,2.1416,2 Upper-mid,41588718.66,43334845.72,4.1986,1.7461,1.6778
13,286517703.8,2003620.3063,4.2528,1 Large,82708845.21,86707455.02,4.8346,3.9986,1.7849
14,288999911.34,2020978.401,4.2896,1 Large,84694723.98,77441398.26,-8.5641,-7.2533,1.7783
15,89133683.92,623312.475,1.323,3 Lower-mid,25264056.33,24827530.71,-1.7279,-0.4365,2.0463
16,74252425.4,519247.7301,1.1021,4 Small,21803023.57,22102425.32,1.3732,0.2994,1.8829
17,127782138.83,893581.3904,1.8967,3 Lower-mid,37390089.47,40285378.63,7.7435,2.8953,1.4539
18,155114734.21,1084718.421,2.3024,2 Upper-mid,42389621.29,44918576.8,5.966,2.529,1.8023
19,206634862.1,1444999.0357,3.0671,1 Large,59537065.14,59212433.28,-0.5453,-0.3246,1.7849
20,301397792.46,2107676.8703,4.4736,1 Large,87000419.55,89827709.38,3.2497,2.8273,1.737
21,108117878.92,756069.0834,1.6048,3 Lower-mid,31846447.79,30251886.71,-5.007,-1.5946,1.9653
22,147075648.57,1028501.039,2.183,2 Upper-mid,42077360.39,42655656.23,1.3744,0.5783,1.8598
23,198750617.85,1389864.4605,2.95,2 Upper-mid,56636343.53,58767978.75,3.7637,2.1316,1.9147
24,194016021.28,1356755.3936,2.8798,2 Upper-mid,56046692.08,57186396.17,2.0335,1.1397,1.6784
25,101061179.17,706721.5327,1.5,3 Lower-mid,28385578.65,29490505.71,3.8926,1.1049,1.8295
26,143416393.79,1002911.8447,2.1287,2 Upper-mid,41899945.79,42976444.29,2.5692,1.0765,1.5401
27,253855916.88,1775216.202,3.768,1 Large,73855571.74,71920056.12,-2.6207,-1.9355,1.6384
28,189263680.58,1323522.2418,2.8092,2 Upper-mid,55660530.12,55328907.07,-0.5958,-0.3316,1.444
29,77141554.31,539451.4287,1.145,4 Small,21861941.53,22244381.62,1.7493,0.3824,1.9905
30,62716885.12,438579.6162,0.9309,4 Small,18292284.2,18795650.08,2.7518,0.5034,1.153
31,199613905.5,1395901.4371,2.9629,1 Large,59980374.91,59884407.22,-0.16,-0.096,1.4668
32,166819246.16,1166568.155,2.4761,2 Upper-mid,48880278.68,50281116.0,2.8659,1.4008,1.6753
33,37160221.96,259861.692,0.5516,4 Small,10720761.39,11435551.03,6.6673,0.7148,0.9726
34,138249763.0,966781.5594,2.052,2 Upper-mid,40299634.68,41739164.15,3.5721,1.4395,1.6624
35,131520672.08,919724.9796,1.9522,3 Lower-mid,34575455.81,35237722.52,1.9154,0.6623,1.81
36,53412214.97,373511.9928,0.7928,4 Small,16105178.75,13286470.53,-17.5019,-2.8187,1.0004
37,74202740.32,518900.282,1.1014,4 Small,22318885.19,22612774.69,1.3168,0.2939,1.1395
38,55159626.42,385731.6533,0.8187,4 Small,16293630.3,18631073.45,14.3457,2.3374,1.0225
39,207445542.47,1450668.1292,3.0791,1 Large,59419916.86,65885662.85,10.8814,6.4657,1.7406
40,137870309.79,964128.0405,2.0464,3 Lower-mid,40228628.1,41172407.34,2.346,0.9438,1.6857
41,181341934.89,1268125.4188,2.6916,2 Upper-mid,52909656.01,56887839.93,7.5188,3.9782,1.7698
42,79565752.43,556403.8631,1.181,3 Lower-mid,23971594.7,24950359.85,4.083,0.9788,1.0161
43,90565435.41,633324.7231,1.3443,3 Lower-mid,26447604.03,26975233.97,1.995,0.5276,1.0523
44,43293087.84,302748.866,0.6426,4 Small,12719268.57,14187373.72,11.5424,1.4681,1.2243
45,112395341.42,785981.4085,1.6683,3 Lower-mid,32245914.71,32723630.17,1.4815,0.4777,2.0387
